{
  "results": {
    "10min-ar_pct": {
      "meta": {
        "accuracy": 0.5848696757787667,
        "balanced_accuracy": 0.6306867862091231,
        "roc_auc": 0.7060459516539098,
        "f1": 0.6257879656160459,
        "threshold": 0.35
      },
      "xgb": {
        "accuracy": 0.6560712015257469,
        "balanced_accuracy": 0.6223928557015833,
        "roc_auc": 0.7063301228157495,
        "f1": 0.513051305130513
      },
      "hgb": {
        "accuracy": 0.6369993642720916,
        "balanced_accuracy": 0.6074915253097297,
        "roc_auc": 0.6816408614589918,
        "f1": 0.5030461270670148
      },
      "train_rows": 6537,
      "test_rows": 1573
    },
    "15min-ar_pct": {
      "meta": {
        "accuracy": 0.5556261919898283,
        "balanced_accuracy": 0.6045454545454545,
        "roc_auc": 0.6554384946383444,
        "f1": 0.5856550088915234,
        "threshold": 0.38
      },
      "xgb": {
        "accuracy": 0.6376350921805467,
        "balanced_accuracy": 0.5769628099173554,
        "roc_auc": 0.655552899392118,
        "f1": 0.4
      },
      "hgb": {
        "accuracy": 0.6293706293706294,
        "balanced_accuracy": 0.5736570247933884,
        "roc_auc": 0.6287480363363158,
        "f1": 0.40812182741116754
      },
      "train_rows": 6537,
      "test_rows": 1573
    },
    "20min-ar_pct": {
      "meta": {
        "accuracy": 0.5397329942784488,
        "balanced_accuracy": 0.5993627891113849,
        "roc_auc": 0.6673244102928177,
        "f1": 0.5675029868578255,
        "threshold": 0.39999999999999997
      },
      "xgb": {
        "accuracy": 0.6586141131595677,
        "balanced_accuracy": 0.5838753628030319,
        "roc_auc": 0.6636493982863865,
        "f1": 0.3945885005636979
      },
      "hgb": {
        "accuracy": 0.6586141131595677,
        "balanced_accuracy": 0.5915307677851789,
        "roc_auc": 0.6636406979738713,
        "f1": 0.4219590958019376
      },
      "train_rows": 6537,
      "test_rows": 1573
    },
    "25min-ar_pct": {
      "meta": {
        "accuracy": 0.5232040686586141,
        "balanced_accuracy": 0.5813034456100852,
        "roc_auc": 0.6581498409770586,
        "f1": 0.5833333333333334,
        "threshold": 0.37
      },
      "xgb": {
        "accuracy": 0.6369993642720916,
        "balanced_accuracy": 0.5818179814597559,
        "roc_auc": 0.6600011528315577,
        "f1": 0.4131551901336074
      },
      "hgb": {
        "accuracy": 0.6230133502860775,
        "balanced_accuracy": 0.5726105870625173,
        "roc_auc": 0.6350016614337156,
        "f1": 0.4134520276953511
      },
      "train_rows": 6537,
      "test_rows": 1573
    },
    "30min-ar_pct": {
      "meta": {
        "accuracy": 0.5594405594405595,
        "balanced_accuracy": 0.5988628572384154,
        "roc_auc": 0.645458954163113,
        "f1": 0.6019529006318208,
        "threshold": 0.39999999999999997
      },
      "xgb": {
        "accuracy": 0.6198347107438017,
        "balanced_accuracy": 0.5731475442733156,
        "roc_auc": 0.6387999799327749,
        "f1": 0.40556660039761433
      },
      "hgb": {
        "accuracy": 0.6204704386522568,
        "balanced_accuracy": 0.5806443251559391,
        "roc_auc": 0.6367982742186324,
        "f1": 0.43838193791157104
      },
      "train_rows": 6537,
      "test_rows": 1573
    }
  },
  "timestamp": "2025-11-25T17:16:14.782673Z"
}